Screaming Circuits SMD component position file.

Centroid Data for pc board: "LSM9DS1.brd" as of: 6/13/16 4:59 PM
Measurements are in inches. Comma delimited
Only surface mount components included

RefDes,Layer,LocationX,LocationY,Rotation
C1,Bottom,0.415,0.938,180
C2,Bottom,0.415,0.988,180
C3,Bottom,0.415,0.887,180
C4,Bottom,0.415,1.087,180
C5,Bottom,0.415,1.038,180
C6,Bottom,0.735,1.038,0
C7,Bottom,0.735,0.988,0
C8,Bottom,0.735,1.087,0
C9,Bottom,0.735,0.887,0
C10,Bottom,0.735,0.938,0
C11,Bottom,0.735,0.338,0
C12,Bottom,0.735,0.287,0
C13,Bottom,0.735,0.388,0
C14,Bottom,0.735,0.188,0
C15,Bottom,0.735,0.237,0
C16,Bottom,0.415,0.237,180
C17,Bottom,0.415,0.287,180
C18,Bottom,0.415,0.188,180
C19,Bottom,0.415,0.388,180
C20,Bottom,0.415,0.338,180
J1,Top,0.225,0.986,270
J2,Bottom,0.225,0.990,90
J3,Top,0.925,0.989,90
J4,Bottom,0.925,0.986,270
J5,Top,0.925,0.289,90
J6,Bottom,0.925,0.285,270
J7,Top,0.225,0.286,270
J8,Bottom,0.225,0.289,90
U1,Top,0.415,0.988,0
U2,Top,0.735,0.988,180
U3,Top,0.735,0.287,180
U4,Top,0.415,0.287,0
